<?xml version="1.0" encoding="utf-8" ?>
<dwsync>
<file name="tablas.css" server="C:/xampp/htdocs/prueba/" local="129540090154395504" remote="129540090150000000" />
<file name="tablas.css" server="C:/xampp/htdocs/sesiones/" local="129540090154395504" remote="129540090150000000" />
<file name="tablas.css" server="C:/xampp/htdocs/seycon/" local="129540090154395504" remote="129540090150000000" />
<file name="jquery-ui-1.8.13.custom.css" server="C:/xampp/htdocs/seycon/" local="129525427620000000" remote="129525427620000000" />
<file name="estilos.css" server="C:/xampp/htdocs/seycon/" local="129331901820000000" remote="129331901820000000" />
<file name="jquery-ui-1.8.13.custom.css" server="C:/xampp/htdocs/seycon4/" local="129525427620000000" remote="129525427620000000" />
<file name="estilos.css" server="C:/xampp/htdocs/seycon4/" local="129542743325175782" remote="129542743320000000" />
<file name="jquery-ui-1.8.13.custom.css" server="C:/xampp/htdocs/kiwis/" local="129661059950781250" remote="129661059950000000" />
<file name="estilos.css" server="C:/xampp/htdocs/kiwis/" local="129664662049375000" remote="129664662040000000" />
<file name="estiloConfiguracion.css" server="C:/xampp/htdocs/kiwis/" local="129643110150312500" remote="129643110150000000" />
<file name="jquery-ui.css" server="C:/xampp/htdocs/kiwis/" local="129655216256250000" remote="129655216250000000" />
<file name="nav-v.css" server="C:/xampp/htdocs/kiwis/" local="129655216256875000" remote="129655216250000000" />
</dwsync>