<?xml version="1.0" encoding="utf-8" ?>
<dwsync>
<file name="estilo1.css" server="C:/xampp/htdocs/kiwis/" local="129661033431562500" remote="129661033430000000" Dst="-1" />
<file name="funciones.js" server="C:/xampp/htdocs/kiwis/" local="129669679300767030" remote="129669679300000000" Dst="-1" />
<file name="ejemplo.php" server="C:/xampp/htdocs/kiwis/" local="129675639474955540" remote="129675639470000000" Dst="-1" />
<file name="PIE.htc" server="C:/xampp/htdocs/kiwis/" local="129637735595781250" remote="129637735590000000" Dst="-1" />
<file name="consultor.php" server="C:/xampp/htdocs/kiwis/" local="129661035713906250" remote="129661035710000000" Dst="-1" />
<file name="FuncionesUtiles.js" server="C:/xampp/htdocs/kiwis/" local="129675648217768040" remote="129675648210000000" Dst="-1" />
<file name="prueba.php" server="C:/xampp/htdocs/kiwis/" local="129648103922812500" remote="129648103920000000" Dst="-1" />
<file name="funciones_PHP.php" server="C:/xampp/htdocs/kiwis/" local="129648064101093750" remote="129648064100000000" Dst="-1" />
<file name="funcionesVarias.js" server="C:/xampp/htdocs/kiwis/" local="129648114532812500" remote="129648114530000000" Dst="-1" />
<file name="prueba2.php" server="C:/xampp/htdocs/kiwis/" local="129673037201562500" remote="129673037200000000" Dst="-1" />
<file name="prueba1.php" server="C:/xampp/htdocs/kiwis/" local="129676802694218750" remote="129676802690000000" Dst="-1" />
<file name="prueba3.js" server="C:/xampp/htdocs/kiwis/" local="129676802305625000" remote="129676802300000000" Dst="-1" />
<file name="prueba5.php" server="C:/xampp/htdocs/kiwis2" local="130041638721311436" remote="130041638720000000" Dst="0" />
</dwsync>